{
    "loss": 0.8068330883979797,
    "accuracy": 0.6764705777168274
}